<?xml version="1.0" encoding="UTF-8"?>
<project-private xmlns="http://www.netbeans.org/ns/project-private/1">
    <editor-bookmarks xmlns="http://www.netbeans.org/ns/editor-bookmarks/2" lastBookmarkId="0"/>
    <open-files xmlns="http://www.netbeans.org/ns/projectui-open-files/2">
        <group>
            <file>file:/C:/Users/mohan_000/Documents/NetBeansProjects/ShoppingCartSourceCode-master/ShoppingCart_Code/Vijays_Shop/nbproject/build-impl.xml</file>
            <file>file:/C:/Users/mohan_000/Documents/NetBeansProjects/ShoppingCartSourceCode-master/ShoppingCart_Code/Vijays_Shop/src/java/com/util/Controller.java</file>
            <file>file:/C:/Users/mohan_000/Documents/NetBeansProjects/ShoppingCartSourceCode-master/ShoppingCart_Code/Vijays_Shop/web/META-INF/context.xml</file>
        </group>
    </open-files>
</project-private>
